1.498140392843E9,eduroam,00:81:c4:85:07:a0,2462,-61
1.498140392843E9,TP-LINK_5GHz_6FF5D0,e8:de:27:6f:f5:d0,5745,-48
1.498140392843E9,TP-LINK_5GHz_6FE4D8,e8:de:27:6f:e4:d8,5745,-34
1.498140392843E9,TP-LINK_5GHz_7002B4,e8:de:27:70:02:b4,5745,-45
1.498140392843E9,AP_3,e8:de:27:6f:f5:d1,2432,-44
1.498140392843E9,AP_1,e8:de:27:6f:e4:d9,2432,-29
1.498140392843E9,AP_2,e8:de:27:70:02:b5,2432,-45
1.498140392843E9,eduroam,00:2a:10:3d:b0:1f,5220,-75
1.498140392843E9,OWL,00:2a:10:3d:b0:1e,5220,-75
1.498140392843E9,OWL,08:ea:44:96:ec:d5,2437,-81
1.498140392843E9,eduroam,40:18:b1:78:86:55,2462,-85
1.498140392843E9,eduroam,08:ea:44:96:ec:d6,2437,-81
1.498140392843E9,,08:ea:44:96:ec:e4,5220,-84
1.498140392843E9,eduroam,18:8b:45:09:70:ef,5280,-81
1.498140392843E9,OWL,18:8b:45:09:70:ee,5280,-81
1.498140392843E9,eduroam,40:18:b1:78:89:d5,2437,-86
1.498140392843E9,Anthony's iMac,10:9a:dd:a0:fb:1e,2462,-87
1.498140392843E9,OWL,00:81:c4:85:07:a1,2462,-63
1.498140392843E9,eduroam,40:18:b1:7b:42:95,2462,-91
1.498140392843E9,eduroam,18:8b:45:09:70:e0,2412,-81
1.498140392843E9,OWL,18:8b:45:09:70:e1,2412,-81
1.498140392843E9,eduroam,00:2a:10:3d:b0:10,2437,-75
1.498140392843E9,OWL,00:2a:10:3d:b0:11,2437,-74
1.498140392844E9,eduroam,08:ea:44:96:ec:eb,5220,-84
1.498140392844E9,OWL,08:ea:44:96:ec:ea,5220,-84
1.498140392844E9,eduroam,00:2a:10:1a:69:80,2462,-81
1.498140392844E9,OWL,00:2a:10:1a:69:81,2462,-81
1.498140394586E9,eduroam,00:81:c4:85:07:a0,2462,-61
1.498140394586E9,TP-LINK_5GHz_6FF5D0,e8:de:27:6f:f5:d0,5745,-48
1.498140394586E9,TP-LINK_5GHz_6FE4D8,e8:de:27:6f:e4:d8,5745,-30
1.498140394586E9,TP-LINK_5GHz_7002B4,e8:de:27:70:02:b4,5745,-45
1.498140394586E9,AP_3,e8:de:27:6f:f5:d1,2432,-48
1.498140394586E9,AP_1,e8:de:27:6f:e4:d9,2432,-28
1.498140394586E9,AP_2,e8:de:27:70:02:b5,2432,-45
1.498140394586E9,eduroam,00:2a:10:3d:b0:1f,5220,-70
1.498140394586E9,OWL,00:2a:10:3d:b0:1e,5220,-71
1.498140394586E9,OWL,08:ea:44:96:ec:d5,2437,-81
1.498140394586E9,eduroam,40:18:b1:78:86:55,2462,-82
1.498140394586E9,eduroam,08:ea:44:96:ec:d6,2437,-81
1.498140394586E9,,08:ea:44:96:ec:e4,5220,-82
1.498140394586E9,eduroam,40:18:b1:78:89:d5,2437,-86
1.498140394586E9,Anthony's iMac,10:9a:dd:a0:fb:1e,2462,-87
1.498140394586E9,OWL,00:81:c4:85:07:a1,2462,-63
1.498140394586E9,eduroam,40:18:b1:7b:42:95,2462,-91
1.498140394586E9,eduroam,18:8b:45:09:70:e0,2412,-76
1.498140394586E9,OWL,18:8b:45:09:70:e1,2412,-76
1.498140394586E9,eduroam,00:2a:10:3d:b0:10,2437,-75
1.498140394586E9,OWL,00:2a:10:3d:b0:11,2437,-74
1.498140394586E9,eduroam,08:ea:44:96:ec:eb,5220,-82
1.498140394586E9,OWL,08:ea:44:96:ec:ea,5220,-83
1.498140394586E9,eduroam,00:2a:10:1a:69:80,2462,-81
1.498140394586E9,OWL,00:2a:10:1a:69:81,2462,-81
1.498140394586E9,eduroam,40:18:b1:78:a9:55,2412,-88
1.498140394586E9,eduroam,40:18:b1:7b:3e:95,2412,-90
1.498140394586E9,OWL,40:18:b1:7b:3e:94,2412,-88
1.498140396329E9,eduroam,00:81:c4:85:07:a0,2462,-62
1.498140396329E9,TP-LINK_5GHz_6FF5D0,e8:de:27:6f:f5:d0,5745,-50
1.498140396329E9,TP-LINK_5GHz_6FE4D8,e8:de:27:6f:e4:d8,5745,-30
1.498140396329E9,TP-LINK_5GHz_7002B4,e8:de:27:70:02:b4,5745,-47
1.498140396329E9,AP_3,e8:de:27:6f:f5:d1,2432,-48
1.498140396329E9,AP_1,e8:de:27:6f:e4:d9,2432,-28
1.498140396329E9,AP_2,e8:de:27:70:02:b5,2432,-42
1.498140396329E9,eduroam,00:2a:10:3d:b0:1f,5220,-73
1.498140396329E9,OWL,00:2a:10:3d:b0:1e,5220,-73
1.498140396329E9,OWL,08:ea:44:96:ec:d5,2437,-77
1.498140396329E9,eduroam,40:18:b1:78:86:55,2462,-88
1.498140396329E9,eduroam,08:ea:44:96:ec:d6,2437,-76
1.498140396329E9,,08:ea:44:96:ec:e4,5220,-82
1.498140396329E9,eduroam,40:18:b1:78:89:d5,2437,-86
1.498140396329E9,Anthony's iMac,10:9a:dd:a0:fb:1e,2462,-89
1.498140396329E9,OWL,00:81:c4:85:07:a1,2462,-63
1.498140396329E9,eduroam,40:18:b1:7b:42:95,2462,-91
1.498140396329E9,eduroam,18:8b:45:09:70:e0,2412,-74
1.498140396329E9,OWL,18:8b:45:09:70:e1,2412,-74
1.498140396329E9,eduroam,00:2a:10:3d:b0:10,2437,-75
1.498140396329E9,OWL,00:2a:10:3d:b0:11,2437,-65
1.498140396329E9,eduroam,08:ea:44:96:ec:eb,5220,-84
1.498140396329E9,OWL,08:ea:44:96:ec:ea,5220,-85
1.498140396329E9,eduroam,00:2a:10:1a:69:80,2462,-81
1.498140396329E9,OWL,00:2a:10:1a:69:81,2462,-81
1.498140396329E9,eduroam,40:18:b1:78:a9:55,2412,-88
1.498140396329E9,eduroam,40:18:b1:7b:3e:95,2412,-88
1.498140396329E9,OWL,40:18:b1:7b:3e:94,2412,-86
1.498140396329E9,OWL,40:18:b1:78:89:d4,2437,-86
1.49814039818E9,eduroam,00:81:c4:85:07:a0,2462,-61
1.49814039818E9,TP-LINK_5GHz_6FF5D0,e8:de:27:6f:f5:d0,5745,-49
1.49814039818E9,TP-LINK_5GHz_6FE4D8,e8:de:27:6f:e4:d8,5745,-31
1.49814039818E9,TP-LINK_5GHz_7002B4,e8:de:27:70:02:b4,5745,-45
1.49814039818E9,AP_3,e8:de:27:6f:f5:d1,2432,-48
1.49814039818E9,AP_1,e8:de:27:6f:e4:d9,2432,-30
1.49814039818E9,AP_2,e8:de:27:70:02:b5,2432,-43
1.49814039818E9,eduroam,00:2a:10:3d:b0:1f,5220,-71
1.49814039818E9,OWL,00:2a:10:3d:b0:1e,5220,-71
1.49814039818E9,OWL,08:ea:44:96:ec:d5,2437,-74
1.49814039818E9,eduroam,40:18:b1:78:86:55,2462,-88
1.49814039818E9,eduroam,08:ea:44:96:ec:d6,2437,-73
1.49814039818E9,,08:ea:44:96:ec:e4,5220,-82
1.49814039818E9,eduroam,40:18:b1:78:89:d5,2437,-84
1.49814039818E9,Anthony's iMac,10:9a:dd:a0:fb:1e,2462,-89
1.49814039818E9,OWL,00:81:c4:85:07:a1,2462,-57
1.49814039818E9,eduroam,18:8b:45:09:70:e0,2412,-74
1.49814039818E9,OWL,18:8b:45:09:70:e1,2412,-74
1.49814039818E9,eduroam,00:2a:10:3d:b0:10,2437,-66
1.49814039818E9,OWL,00:2a:10:3d:b0:11,2437,-66
1.49814039818E9,eduroam,08:ea:44:96:ec:eb,5220,-84
1.49814039818E9,OWL,08:ea:44:96:ec:ea,5220,-83
1.49814039818E9,eduroam,00:2a:10:1a:69:80,2462,-81
1.49814039818E9,OWL,00:2a:10:1a:69:81,2462,-81
1.49814039818E9,eduroam,40:18:b1:78:a9:55,2412,-88
1.49814039818E9,eduroam,40:18:b1:7b:3e:95,2412,-88
1.49814039818E9,OWL,40:18:b1:7b:3e:94,2412,-86
1.49814039818E9,OWL,40:18:b1:78:89:d4,2437,-83
1.498140400259E9,eduroam,00:81:c4:85:07:a0,2462,-61
1.498140400259E9,TP-LINK_5GHz_6FF5D0,e8:de:27:6f:f5:d0,5745,-49
1.498140400259E9,TP-LINK_5GHz_6FE4D8,e8:de:27:6f:e4:d8,5745,-31
1.498140400259E9,TP-LINK_5GHz_7002B4,e8:de:27:70:02:b4,5745,-45
1.498140400259E9,AP_3,e8:de:27:6f:f5:d1,2432,-47
1.498140400259E9,AP_1,e8:de:27:6f:e4:d9,2432,-29
1.498140400259E9,AP_2,e8:de:27:70:02:b5,2432,-45
1.498140400259E9,eduroam,00:2a:10:3d:b0:1f,5220,-70
1.498140400259E9,OWL,00:2a:10:3d:b0:1e,5220,-68
1.498140400259E9,OWL,08:ea:44:96:ec:d5,2437,-72
1.498140400259E9,eduroam,40:18:b1:78:86:55,2462,-85
1.498140400259E9,eduroam,08:ea:44:96:ec:d6,2437,-72
1.498140400259E9,,08:ea:44:96:ec:e4,5220,-82
1.498140400259E9,eduroam,40:18:b1:78:89:d5,2437,-84
1.498140400259E9,Anthony's iMac,10:9a:dd:a0:fb:1e,2462,-89
1.498140400259E9,OWL,00:81:c4:85:07:a1,2462,-60
1.498140400259E9,eduroam,18:8b:45:09:70:e0,2412,-73
1.498140400259E9,OWL,18:8b:45:09:70:e1,2412,-73
1.498140400259E9,eduroam,00:2a:10:3d:b0:10,2437,-65
1.498140400259E9,OWL,00:2a:10:3d:b0:11,2437,-66
1.498140400259E9,eduroam,08:ea:44:96:ec:eb,5220,-84
1.498140400259E9,OWL,08:ea:44:96:ec:ea,5220,-83
1.498140400259E9,eduroam,00:2a:10:1a:69:80,2462,-81
1.498140400259E9,OWL,00:2a:10:1a:69:81,2462,-81
1.498140400259E9,eduroam,40:18:b1:78:a9:55,2412,-88
1.498140400259E9,eduroam,40:18:b1:7b:3e:95,2412,-88
1.498140400259E9,OWL,40:18:b1:7b:3e:94,2412,-88
1.49814040026E9,OWL,40:18:b1:78:89:d4,2437,-82
1.49814040026E9,eduroam,08:ea:44:96:ec:96,2462,-86
1.49814040026E9,OWL,08:ea:44:96:ec:95,2462,-88
1.498140402464E9,eduroam,00:81:c4:85:07:a0,2462,-61
1.498140402464E9,TP-LINK_5GHz_6FF5D0,e8:de:27:6f:f5:d0,5745,-49
1.498140402464E9,TP-LINK_5GHz_6FE4D8,e8:de:27:6f:e4:d8,5745,-30
1.498140402464E9,TP-LINK_5GHz_7002B4,e8:de:27:70:02:b4,5745,-45
1.498140402464E9,AP_3,e8:de:27:6f:f5:d1,2432,-47
1.498140402464E9,AP_1,e8:de:27:6f:e4:d9,2432,-30
1.498140402464E9,AP_2,e8:de:27:70:02:b5,2432,-46
1.498140402464E9,eduroam,00:2a:10:3d:b0:1f,5220,-70
1.498140402464E9,OWL,00:2a:10:3d:b0:1e,5220,-70
1.498140402464E9,OWL,08:ea:44:96:ec:d5,2437,-73
1.498140402464E9,eduroam,40:18:b1:78:86:55,2462,-85
1.498140402464E9,eduroam,08:ea:44:96:ec:d6,2437,-73
1.498140402464E9,,08:ea:44:96:ec:e4,5220,-82
1.498140402464E9,eduroam,40:18:b1:78:89:d5,2437,-84
1.498140402464E9,Anthony's iMac,10:9a:dd:a0:fb:1e,2462,-89
1.498140402464E9,OWL,00:81:c4:85:07:a1,2462,-60
1.498140402464E9,eduroam,18:8b:45:09:70:e0,2412,-77
1.498140402464E9,OWL,18:8b:45:09:70:e1,2412,-76
1.498140402464E9,eduroam,00:2a:10:3d:b0:10,2437,-65
1.498140402464E9,OWL,00:2a:10:3d:b0:11,2437,-66
1.498140402465E9,eduroam,08:ea:44:96:ec:eb,5220,-84
1.498140402465E9,OWL,08:ea:44:96:ec:ea,5220,-85
1.498140402465E9,eduroam,00:2a:10:1a:69:80,2462,-81
1.498140402465E9,OWL,00:2a:10:1a:69:81,2462,-81
1.498140402465E9,eduroam,40:18:b1:78:a9:55,2412,-88
1.498140402465E9,eduroam,40:18:b1:7b:3e:95,2412,-85
1.498140402465E9,OWL,40:18:b1:7b:3e:94,2412,-88
1.498140402465E9,OWL,40:18:b1:78:89:d4,2437,-83
1.498140402465E9,eduroam,08:ea:44:96:ec:96,2462,-86
1.498140402465E9,OWL,08:ea:44:96:ec:95,2462,-88
1.498140402465E9,OWL,18:8b:45:09:70:0e,5280,-85
1.498140404317E9,eduroam,00:81:c4:85:07:a0,2462,-61
1.498140404318E9,TP-LINK_5GHz_6FF5D0,e8:de:27:6f:f5:d0,5745,-50
1.498140404318E9,TP-LINK_5GHz_6FE4D8,e8:de:27:6f:e4:d8,5745,-30
1.498140404318E9,TP-LINK_5GHz_7002B4,e8:de:27:70:02:b4,5745,-45
1.498140404318E9,AP_3,e8:de:27:6f:f5:d1,2432,-46
1.498140404318E9,AP_1,e8:de:27:6f:e4:d9,2432,-28
1.498140404318E9,AP_2,e8:de:27:70:02:b5,2432,-50
1.498140404318E9,eduroam,00:2a:10:3d:b0:1f,5220,-72
1.498140404318E9,OWL,00:2a:10:3d:b0:1e,5220,-72
1.498140404318E9,OWL,08:ea:44:96:ec:d5,2437,-72
1.498140404318E9,eduroam,40:18:b1:78:86:55,2462,-87
1.498140404318E9,eduroam,08:ea:44:96:ec:d6,2437,-72
1.498140404318E9,,08:ea:44:96:ec:e4,5220,-82
1.498140404318E9,eduroam,40:18:b1:78:89:d5,2437,-84
1.498140404318E9,Anthony's iMac,10:9a:dd:a0:fb:1e,2462,-88
1.498140404318E9,OWL,00:81:c4:85:07:a1,2462,-56
1.498140404318E9,eduroam,18:8b:45:09:70:e0,2412,-76
1.498140404318E9,OWL,18:8b:45:09:70:e1,2412,-76
1.498140404318E9,eduroam,00:2a:10:3d:b0:10,2437,-65
1.498140404318E9,OWL,00:2a:10:3d:b0:11,2437,-69
1.498140404318E9,eduroam,08:ea:44:96:ec:eb,5220,-85
1.498140404318E9,OWL,08:ea:44:96:ec:ea,5220,-85
1.498140404318E9,eduroam,00:2a:10:1a:69:80,2462,-88
1.498140404318E9,OWL,00:2a:10:1a:69:81,2462,-87
1.498140404318E9,eduroam,40:18:b1:78:a9:55,2412,-87
1.498140404318E9,eduroam,40:18:b1:7b:3e:95,2412,-85
1.498140404318E9,OWL,40:18:b1:7b:3e:94,2412,-88
1.498140404318E9,OWL,40:18:b1:78:89:d4,2437,-83
1.498140404318E9,eduroam,08:ea:44:96:ec:96,2462,-86
1.498140404318E9,OWL,08:ea:44:96:ec:95,2462,-88
1.498140404318E9,OWL,18:8b:45:09:70:0e,5280,-84
1.498140404318E9,eduroam,18:8b:45:09:70:ef,5280,-83
1.498140404318E9,eduroam,18:8b:45:09:70:0f,5280,-83
1.498140404318E9,OWL,18:8b:45:09:70:ee,5280,-83
1.498140406246E9,eduroam,00:81:c4:85:07:a0,2462,-60
1.498140406246E9,TP-LINK_5GHz_6FF5D0,e8:de:27:6f:f5:d0,5745,-51
1.498140406246E9,TP-LINK_5GHz_6FE4D8,e8:de:27:6f:e4:d8,5745,-28
1.498140406246E9,TP-LINK_5GHz_7002B4,e8:de:27:70:02:b4,5745,-45
1.498140406246E9,AP_3,e8:de:27:6f:f5:d1,2432,-45
1.498140406246E9,AP_1,e8:de:27:6f:e4:d9,2432,-27
1.498140406246E9,AP_2,e8:de:27:70:02:b5,2432,-45
1.498140406246E9,eduroam,00:2a:10:3d:b0:1f,5220,-74
1.498140406246E9,OWL,00:2a:10:3d:b0:1e,5220,-74
1.498140406246E9,OWL,08:ea:44:96:ec:d5,2437,-72
1.498140406246E9,eduroam,40:18:b1:78:86:55,2462,-87
1.498140406247E9,eduroam,08:ea:44:96:ec:d6,2437,-73
1.498140406247E9,eduroam,40:18:b1:78:89:d5,2437,-84
1.498140406247E9,Anthony's iMac,10:9a:dd:a0:fb:1e,2462,-88
1.498140406247E9,OWL,00:81:c4:85:07:a1,2462,-56
1.498140406247E9,eduroam,18:8b:45:09:70:e0,2412,-76
1.498140406247E9,OWL,18:8b:45:09:70:e1,2412,-76
1.498140406247E9,eduroam,00:2a:10:3d:b0:10,2437,-68
1.498140406247E9,OWL,00:2a:10:3d:b0:11,2437,-69
1.498140406247E9,eduroam,08:ea:44:96:ec:eb,5220,-88
1.498140406247E9,OWL,08:ea:44:96:ec:ea,5220,-87
1.498140406247E9,eduroam,00:2a:10:1a:69:80,2462,-88
1.498140406247E9,OWL,00:2a:10:1a:69:81,2462,-87
1.498140406247E9,eduroam,40:18:b1:78:a9:55,2412,-87
1.498140406247E9,eduroam,40:18:b1:7b:3e:95,2412,-85
1.498140406247E9,OWL,40:18:b1:7b:3e:94,2412,-88
1.498140406247E9,OWL,40:18:b1:78:89:d4,2437,-83
1.498140406247E9,eduroam,08:ea:44:96:ec:96,2462,-86
1.498140406247E9,OWL,08:ea:44:96:ec:95,2462,-88
1.498140406247E9,OWL,18:8b:45:09:70:0e,5280,-84
1.498140406247E9,eduroam,18:8b:45:09:70:ef,5280,-82
1.498140406247E9,eduroam,18:8b:45:09:70:0f,5280,-83
1.498140406247E9,OWL,18:8b:45:09:70:ee,5280,-83
1.498140406247E9,eduroam,00:2a:10:35:39:30,2437,-85
1.498140408326E9,eduroam,00:81:c4:85:07:a0,2462,-60
1.498140408326E9,TP-LINK_5GHz_6FF5D0,e8:de:27:6f:f5:d0,5745,-47
1.498140408326E9,TP-LINK_5GHz_6FE4D8,e8:de:27:6f:e4:d8,5745,-30
1.498140408326E9,TP-LINK_5GHz_7002B4,e8:de:27:70:02:b4,5745,-46
1.498140408326E9,AP_3,e8:de:27:6f:f5:d1,2432,-45
1.498140408326E9,AP_1,e8:de:27:6f:e4:d9,2432,-25
1.498140408326E9,AP_2,e8:de:27:70:02:b5,2432,-44
1.498140408326E9,eduroam,00:2a:10:3d:b0:1f,5220,-70
1.498140408326E9,OWL,00:2a:10:3d:b0:1e,5220,-70
1.498140408326E9,OWL,08:ea:44:96:ec:d5,2437,-72
1.498140408326E9,eduroam,40:18:b1:78:86:55,2462,-86
1.498140408326E9,eduroam,08:ea:44:96:ec:d6,2437,-73
1.498140408326E9,eduroam,40:18:b1:78:89:d5,2437,-82
1.498140408326E9,Anthony's iMac,10:9a:dd:a0:fb:1e,2462,-88
1.498140408326E9,OWL,00:81:c4:85:07:a1,2462,-59
1.498140408326E9,eduroam,18:8b:45:09:70:e0,2412,-74
1.498140408326E9,OWL,18:8b:45:09:70:e1,2412,-75
1.498140408326E9,eduroam,00:2a:10:3d:b0:10,2437,-68
1.498140408326E9,OWL,00:2a:10:3d:b0:11,2437,-68
1.498140408326E9,eduroam,08:ea:44:96:ec:eb,5220,-86
1.498140408326E9,OWL,08:ea:44:96:ec:ea,5220,-86
1.498140408326E9,eduroam,00:2a:10:1a:69:80,2462,-88
1.498140408326E9,OWL,00:2a:10:1a:69:81,2462,-87
1.498140408326E9,eduroam,40:18:b1:78:a9:55,2412,-86
1.498140408326E9,eduroam,40:18:b1:7b:3e:95,2412,-85
1.498140408326E9,OWL,40:18:b1:7b:3e:94,2412,-88
1.498140408326E9,OWL,40:18:b1:78:89:d4,2437,-83
1.498140408326E9,eduroam,08:ea:44:96:ec:96,2462,-86
1.498140408326E9,OWL,08:ea:44:96:ec:95,2462,-88
1.498140408326E9,OWL,18:8b:45:09:70:0e,5280,-84
1.498140408326E9,eduroam,18:8b:45:09:70:ef,5280,-82
1.498140408326E9,eduroam,18:8b:45:09:70:0f,5280,-84
1.498140408326E9,OWL,18:8b:45:09:70:ee,5280,-83
1.498140408326E9,eduroam,00:2a:10:35:39:30,2437,-84
1.498140408326E9,OWL,00:2a:10:35:39:31,2437,-84
1.498140410197E9,eduroam,00:81:c4:85:07:a0,2462,-60
1.498140410197E9,TP-LINK_5GHz_6FF5D0,e8:de:27:6f:f5:d0,5745,-47
1.498140410197E9,TP-LINK_5GHz_6FE4D8,e8:de:27:6f:e4:d8,5745,-30
1.498140410197E9,TP-LINK_5GHz_7002B4,e8:de:27:70:02:b4,5745,-46
1.498140410197E9,AP_3,e8:de:27:6f:f5:d1,2432,-44
1.498140410197E9,AP_1,e8:de:27:6f:e4:d9,2432,-26
1.498140410197E9,AP_2,e8:de:27:70:02:b5,2432,-45
1.498140410197E9,eduroam,00:2a:10:3d:b0:1f,5220,-69
1.498140410197E9,OWL,00:2a:10:3d:b0:1e,5220,-69
1.498140410197E9,OWL,08:ea:44:96:ec:d5,2437,-73
1.498140410197E9,eduroam,40:18:b1:78:86:55,2462,-84
1.498140410197E9,eduroam,08:ea:44:96:ec:d6,2437,-73
1.498140410197E9,eduroam,40:18:b1:78:89:d5,2437,-82
1.498140410197E9,Anthony's iMac,10:9a:dd:a0:fb:1e,2462,-88
1.498140410197E9,OWL,00:81:c4:85:07:a1,2462,-62
1.498140410197E9,eduroam,18:8b:45:09:70:e0,2412,-74
1.498140410197E9,OWL,18:8b:45:09:70:e1,2412,-75
1.498140410197E9,eduroam,00:2a:10:3d:b0:10,2437,-68
1.498140410197E9,OWL,00:2a:10:3d:b0:11,2437,-68
1.498140410197E9,eduroam,08:ea:44:96:ec:eb,5220,-82
1.498140410197E9,OWL,08:ea:44:96:ec:ea,5220,-83
1.498140410197E9,eduroam,00:2a:10:1a:69:80,2462,-88
1.498140410197E9,OWL,00:2a:10:1a:69:81,2462,-87
1.498140410197E9,eduroam,40:18:b1:78:a9:55,2412,-87
1.498140410197E9,eduroam,40:18:b1:7b:3e:95,2412,-91
1.498140410197E9,OWL,40:18:b1:7b:3e:94,2412,-90
1.498140410197E9,OWL,40:18:b1:78:89:d4,2437,-83
1.498140410197E9,eduroam,08:ea:44:96:ec:96,2462,-85
1.498140410197E9,OWL,08:ea:44:96:ec:95,2462,-87
1.498140410197E9,OWL,18:8b:45:09:70:0e,5280,-82
1.498140410197E9,eduroam,18:8b:45:09:70:ef,5280,-82
1.498140410197E9,eduroam,18:8b:45:09:70:0f,5280,-82
1.498140410197E9,OWL,18:8b:45:09:70:ee,5280,-83
1.498140410197E9,eduroam,00:2a:10:35:39:30,2437,-84
1.498140410197E9,OWL,00:2a:10:35:39:31,2437,-84
1.49814041222E9,eduroam,00:81:c4:85:07:a0,2462,-61
1.49814041222E9,TP-LINK_5GHz_6FF5D0,e8:de:27:6f:f5:d0,5745,-47
1.49814041222E9,TP-LINK_5GHz_6FE4D8,e8:de:27:6f:e4:d8,5745,-30
1.49814041222E9,TP-LINK_5GHz_7002B4,e8:de:27:70:02:b4,5745,-46
1.49814041222E9,AP_3,e8:de:27:6f:f5:d1,2432,-46
1.49814041222E9,AP_1,e8:de:27:6f:e4:d9,2432,-26
1.49814041222E9,AP_2,e8:de:27:70:02:b5,2432,-46
1.49814041222E9,eduroam,00:2a:10:3d:b0:1f,5220,-74
1.49814041222E9,OWL,00:2a:10:3d:b0:1e,5220,-73
1.49814041222E9,OWL,08:ea:44:96:ec:d5,2437,-73
1.49814041222E9,eduroam,40:18:b1:78:86:55,2462,-80
1.49814041222E9,eduroam,08:ea:44:96:ec:d6,2437,-73
1.49814041222E9,eduroam,40:18:b1:78:89:d5,2437,-82
1.49814041222E9,Anthony's iMac,10:9a:dd:a0:fb:1e,2462,-88
1.49814041222E9,OWL,00:81:c4:85:07:a1,2462,-62
1.49814041222E9,eduroam,18:8b:45:09:70:e0,2412,-74
1.49814041222E9,OWL,18:8b:45:09:70:e1,2412,-75
1.49814041222E9,eduroam,00:2a:10:3d:b0:10,2437,-68
1.49814041222E9,OWL,00:2a:10:3d:b0:11,2437,-68
1.49814041222E9,eduroam,08:ea:44:96:ec:eb,5220,-81
1.49814041222E9,OWL,08:ea:44:96:ec:ea,5220,-81
1.49814041222E9,eduroam,00:2a:10:1a:69:80,2462,-88
1.49814041222E9,OWL,00:2a:10:1a:69:81,2462,-87
1.49814041222E9,eduroam,40:18:b1:78:a9:55,2412,-87
1.49814041222E9,eduroam,40:18:b1:7b:3e:95,2412,-91
1.49814041222E9,OWL,40:18:b1:7b:3e:94,2412,-90
1.49814041222E9,OWL,40:18:b1:78:89:d4,2437,-83
1.49814041222E9,eduroam,08:ea:44:96:ec:96,2462,-87
1.49814041222E9,OWL,08:ea:44:96:ec:95,2462,-88
1.49814041222E9,OWL,18:8b:45:09:70:0e,5280,-82
1.49814041222E9,eduroam,18:8b:45:09:70:ef,5280,-82
1.49814041222E9,eduroam,18:8b:45:09:70:0f,5280,-82
1.49814041222E9,OWL,18:8b:45:09:70:ee,5280,-83
1.49814041222E9,eduroam,00:2a:10:35:39:30,2437,-84
1.49814041222E9,OWL,00:2a:10:35:39:31,2437,-84
1.498140414231E9,eduroam,00:81:c4:85:07:a0,2462,-61
1.498140414231E9,TP-LINK_5GHz_6FF5D0,e8:de:27:6f:f5:d0,5745,-47
1.498140414231E9,TP-LINK_5GHz_6FE4D8,e8:de:27:6f:e4:d8,5745,-31
1.498140414231E9,TP-LINK_5GHz_7002B4,e8:de:27:70:02:b4,5745,-46
1.498140414231E9,AP_3,e8:de:27:6f:f5:d1,2432,-46
1.498140414231E9,AP_1,e8:de:27:6f:e4:d9,2432,-27
1.498140414231E9,AP_2,e8:de:27:70:02:b5,2432,-54
1.498140414231E9,eduroam,00:2a:10:3d:b0:1f,5220,-68
1.498140414231E9,OWL,00:2a:10:3d:b0:1e,5220,-70
1.498140414231E9,OWL,08:ea:44:96:ec:d5,2437,-73
1.498140414231E9,eduroam,40:18:b1:78:86:55,2462,-81
1.498140414231E9,eduroam,08:ea:44:96:ec:d6,2437,-73
1.498140414231E9,eduroam,40:18:b1:78:89:d5,2437,-83
1.498140414231E9,Anthony's iMac,10:9a:dd:a0:fb:1e,2462,-88
1.498140414231E9,OWL,00:81:c4:85:07:a1,2462,-63
1.498140414231E9,eduroam,18:8b:45:09:70:e0,2412,-74
1.498140414231E9,OWL,18:8b:45:09:70:e1,2412,-75
1.498140414231E9,eduroam,00:2a:10:3d:b0:10,2437,-68
1.498140414231E9,OWL,00:2a:10:3d:b0:11,2437,-68
1.498140414231E9,eduroam,08:ea:44:96:ec:eb,5220,-81
1.498140414231E9,OWL,08:ea:44:96:ec:ea,5220,-81
1.498140414231E9,eduroam,00:2a:10:1a:69:80,2462,-88
1.498140414231E9,OWL,00:2a:10:1a:69:81,2462,-87
1.498140414231E9,eduroam,40:18:b1:78:a9:55,2412,-87
1.498140414231E9,eduroam,40:18:b1:7b:3e:95,2412,-91
1.498140414231E9,OWL,40:18:b1:7b:3e:94,2412,-90
1.498140414231E9,OWL,40:18:b1:78:89:d4,2437,-83
1.498140414231E9,eduroam,08:ea:44:96:ec:96,2462,-87
1.498140414231E9,OWL,08:ea:44:96:ec:95,2462,-88
1.498140414231E9,OWL,18:8b:45:09:70:0e,5280,-82
1.498140414231E9,eduroam,18:8b:45:09:70:ef,5280,-82
1.498140414231E9,eduroam,18:8b:45:09:70:0f,5280,-82
1.498140414231E9,OWL,18:8b:45:09:70:ee,5280,-83
1.498140414231E9,eduroam,00:2a:10:35:39:30,2437,-84
1.498140414231E9,OWL,00:2a:10:35:39:31,2437,-84
1.498140414231E9,eduroam,40:18:b1:7b:42:15,2462,-90
1.498140416301E9,eduroam,00:81:c4:85:07:a0,2462,-60
1.498140416301E9,TP-LINK_5GHz_6FF5D0,e8:de:27:6f:f5:d0,5745,-48
1.498140416301E9,TP-LINK_5GHz_6FE4D8,e8:de:27:6f:e4:d8,5745,-31
1.498140416301E9,TP-LINK_5GHz_7002B4,e8:de:27:70:02:b4,5745,-49
1.498140416301E9,AP_3,e8:de:27:6f:f5:d1,2432,-46
1.498140416301E9,AP_1,e8:de:27:6f:e4:d9,2432,-27
1.498140416301E9,AP_2,e8:de:27:70:02:b5,2432,-45
1.498140416301E9,eduroam,00:2a:10:3d:b0:1f,5220,-72
1.498140416301E9,OWL,00:2a:10:3d:b0:1e,5220,-72
1.498140416301E9,OWL,08:ea:44:96:ec:d5,2437,-73
1.498140416301E9,eduroam,40:18:b1:78:86:55,2462,-81
1.498140416301E9,eduroam,08:ea:44:96:ec:d6,2437,-73
1.498140416301E9,eduroam,40:18:b1:78:89:d5,2437,-83
1.498140416301E9,Anthony's iMac,10:9a:dd:a0:fb:1e,2462,-88
1.498140416301E9,OWL,00:81:c4:85:07:a1,2462,-63
1.498140416301E9,eduroam,18:8b:45:09:70:e0,2412,-77
1.498140416301E9,OWL,18:8b:45:09:70:e1,2412,-76
1.498140416301E9,eduroam,00:2a:10:3d:b0:10,2437,-66
1.498140416302E9,OWL,00:2a:10:3d:b0:11,2437,-68
1.498140416302E9,eduroam,08:ea:44:96:ec:eb,5220,-81
1.498140416302E9,OWL,08:ea:44:96:ec:ea,5220,-81
1.498140416302E9,eduroam,40:18:b1:78:a9:55,2412,-87
1.498140416302E9,eduroam,40:18:b1:7b:3e:95,2412,-91
1.498140416302E9,OWL,40:18:b1:7b:3e:94,2412,-87
1.498140416302E9,OWL,40:18:b1:78:89:d4,2437,-83
1.498140416302E9,eduroam,08:ea:44:96:ec:96,2462,-87
1.498140416302E9,OWL,08:ea:44:96:ec:95,2462,-88
1.498140416302E9,OWL,18:8b:45:09:70:0e,5280,-82
1.498140416302E9,eduroam,18:8b:45:09:70:ef,5280,-85
1.498140416302E9,eduroam,18:8b:45:09:70:0f,5280,-82
1.498140416302E9,OWL,18:8b:45:09:70:ee,5280,-85
1.498140416302E9,eduroam,00:2a:10:35:39:30,2437,-84
1.498140416302E9,OWL,00:2a:10:35:39:31,2437,-84
1.498140416302E9,eduroam,40:18:b1:7b:42:15,2462,-90
1.498140416302E9,OWL,40:18:b1:7b:42:14,2462,-89
1.498140418171E9,eduroam,00:81:c4:85:07:a0,2462,-61
1.498140418171E9,TP-LINK_5GHz_6FF5D0,e8:de:27:6f:f5:d0,5745,-48
1.498140418171E9,TP-LINK_5GHz_6FE4D8,e8:de:27:6f:e4:d8,5745,-31
1.498140418171E9,TP-LINK_5GHz_7002B4,e8:de:27:70:02:b4,5745,-46
1.498140418171E9,AP_3,e8:de:27:6f:f5:d1,2432,-44
1.498140418171E9,AP_1,e8:de:27:6f:e4:d9,2432,-27
1.498140418171E9,AP_2,e8:de:27:70:02:b5,2432,-45
1.498140418171E9,eduroam,00:2a:10:3d:b0:1f,5220,-68
1.498140418171E9,OWL,00:2a:10:3d:b0:1e,5220,-68
1.498140418171E9,OWL,08:ea:44:96:ec:d5,2437,-73
1.498140418171E9,eduroam,40:18:b1:78:86:55,2462,-81
1.498140418171E9,eduroam,08:ea:44:96:ec:d6,2437,-75
1.498140418171E9,eduroam,40:18:b1:78:89:d5,2437,-83
1.498140418171E9,Anthony's iMac,10:9a:dd:a0:fb:1e,2462,-88
1.498140418171E9,OWL,00:81:c4:85:07:a1,2462,-63
1.498140418171E9,eduroam,18:8b:45:09:70:e0,2412,-77
1.498140418171E9,OWL,18:8b:45:09:70:e1,2412,-76
1.498140418171E9,eduroam,00:2a:10:3d:b0:10,2437,-66
1.498140418171E9,OWL,00:2a:10:3d:b0:11,2437,-68
1.498140418171E9,eduroam,08:ea:44:96:ec:eb,5220,-82
1.498140418171E9,OWL,08:ea:44:96:ec:ea,5220,-82
1.498140418171E9,eduroam,40:18:b1:78:a9:55,2412,-87
1.498140418171E9,eduroam,40:18:b1:7b:3e:95,2412,-91
1.498140418171E9,OWL,40:18:b1:7b:3e:94,2412,-87
1.498140418171E9,OWL,40:18:b1:78:89:d4,2437,-83
1.498140418171E9,eduroam,08:ea:44:96:ec:96,2462,-88
1.498140418171E9,OWL,08:ea:44:96:ec:95,2462,-88
1.498140418171E9,OWL,18:8b:45:09:70:0e,5280,-82
1.498140418171E9,eduroam,18:8b:45:09:70:ef,5280,-85
1.498140418171E9,eduroam,18:8b:45:09:70:0f,5280,-82
1.498140418171E9,OWL,18:8b:45:09:70:ee,5280,-85
1.498140418171E9,eduroam,00:2a:10:35:39:30,2437,-84
1.498140418171E9,OWL,00:2a:10:35:39:31,2437,-84
1.498140418171E9,eduroam,40:18:b1:7b:42:15,2462,-89
1.498140418171E9,OWL,40:18:b1:7b:42:14,2462,-89
1.498140419902E9,eduroam,00:81:c4:85:07:a0,2462,-61
1.498140419902E9,TP-LINK_5GHz_6FF5D0,e8:de:27:6f:f5:d0,5745,-49
1.498140419902E9,TP-LINK_5GHz_6FE4D8,e8:de:27:6f:e4:d8,5745,-31
1.498140419902E9,TP-LINK_5GHz_7002B4,e8:de:27:70:02:b4,5745,-47
1.498140419902E9,AP_3,e8:de:27:6f:f5:d1,2432,-47
1.498140419902E9,AP_1,e8:de:27:6f:e4:d9,2432,-29
1.498140419902E9,AP_2,e8:de:27:70:02:b5,2432,-43
1.498140419902E9,eduroam,00:2a:10:3d:b0:1f,5220,-68
1.498140419902E9,OWL,00:2a:10:3d:b0:1e,5220,-68
1.498140419902E9,OWL,08:ea:44:96:ec:d5,2437,-73
1.498140419902E9,eduroam,40:18:b1:78:86:55,2462,-85
1.498140419902E9,eduroam,08:ea:44:96:ec:d6,2437,-75
1.498140419902E9,eduroam,40:18:b1:78:89:d5,2437,-83
1.498140419902E9,Anthony's iMac,10:9a:dd:a0:fb:1e,2462,-88
1.498140419902E9,OWL,00:81:c4:85:07:a1,2462,-61
1.498140419902E9,eduroam,18:8b:45:09:70:e0,2412,-77
1.498140419902E9,OWL,18:8b:45:09:70:e1,2412,-76
1.498140419902E9,eduroam,00:2a:10:3d:b0:10,2437,-66
1.498140419902E9,eduroam,08:ea:44:96:ec:eb,5220,-81
1.498140419902E9,OWL,08:ea:44:96:ec:ea,5220,-81
1.498140419902E9,eduroam,40:18:b1:78:a9:55,2412,-87
1.498140419902E9,eduroam,40:18:b1:7b:3e:95,2412,-91
1.498140419902E9,OWL,40:18:b1:7b:3e:94,2412,-88
1.498140419902E9,eduroam,08:ea:44:96:ec:96,2462,-88
1.498140419902E9,OWL,08:ea:44:96:ec:95,2462,-88
1.498140419902E9,OWL,18:8b:45:09:70:0e,5280,-82
1.498140419902E9,eduroam,18:8b:45:09:70:ef,5280,-85
1.498140419902E9,eduroam,18:8b:45:09:70:0f,5280,-82
1.498140419902E9,OWL,18:8b:45:09:70:ee,5280,-83
1.498140419902E9,eduroam,40:18:b1:7b:42:15,2462,-89
1.498140419902E9,OWL,40:18:b1:7b:42:14,2462,-89
1.49814042149E9,eduroam,00:81:c4:85:07:a0,2462,-61
1.498140421491E9,TP-LINK_5GHz_6FF5D0,e8:de:27:6f:f5:d0,5745,-50
1.498140421491E9,TP-LINK_5GHz_6FE4D8,e8:de:27:6f:e4:d8,5745,-31
1.498140421491E9,TP-LINK_5GHz_7002B4,e8:de:27:70:02:b4,5745,-47
1.498140421491E9,AP_3,e8:de:27:6f:f5:d1,2432,-42
1.498140421491E9,AP_1,e8:de:27:6f:e4:d9,2432,-27
1.498140421491E9,AP_2,e8:de:27:70:02:b5,2432,-47
1.498140421491E9,eduroam,00:2a:10:3d:b0:1f,5220,-68
1.498140421491E9,OWL,00:2a:10:3d:b0:1e,5220,-68
1.498140421491E9,OWL,08:ea:44:96:ec:d5,2437,-73
1.498140421491E9,eduroam,40:18:b1:78:86:55,2462,-81
1.498140421491E9,eduroam,08:ea:44:96:ec:d6,2437,-74
1.498140421491E9,eduroam,40:18:b1:78:89:d5,2437,-83
1.498140421491E9,Anthony's iMac,10:9a:dd:a0:fb:1e,2462,-88
1.498140421491E9,OWL,00:81:c4:85:07:a1,2462,-64
1.498140421491E9,eduroam,18:8b:45:09:70:e0,2412,-77
1.498140421491E9,OWL,18:8b:45:09:70:e1,2412,-76
1.498140421491E9,eduroam,00:2a:10:3d:b0:10,2437,-66
1.498140421491E9,eduroam,08:ea:44:96:ec:eb,5220,-81
1.498140421491E9,OWL,08:ea:44:96:ec:ea,5220,-81
1.498140421491E9,eduroam,40:18:b1:78:a9:55,2412,-87
1.498140421491E9,eduroam,40:18:b1:7b:3e:95,2412,-91
1.498140421491E9,OWL,40:18:b1:7b:3e:94,2412,-88
1.498140421491E9,eduroam,08:ea:44:96:ec:96,2462,-88
1.498140421491E9,OWL,08:ea:44:96:ec:95,2462,-88
1.498140421491E9,OWL,18:8b:45:09:70:0e,5280,-84
1.498140421491E9,eduroam,18:8b:45:09:70:ef,5280,-85
1.498140421491E9,eduroam,18:8b:45:09:70:0f,5280,-84
1.498140421491E9,OWL,18:8b:45:09:70:ee,5280,-83
1.498140421491E9,eduroam,40:18:b1:7b:42:15,2462,-89
1.498140421491E9,OWL,40:18:b1:7b:42:14,2462,-89
1.498140421491E9,OWL,00:2a:10:3d:b0:11,2437,-63
1.4981404234950001E9,eduroam,00:81:c4:85:07:a0,2462,-62
1.4981404234950001E9,TP-LINK_5GHz_6FF5D0,e8:de:27:6f:f5:d0,5745,-53
1.4981404234950001E9,TP-LINK_5GHz_6FE4D8,e8:de:27:6f:e4:d8,5745,-31
1.4981404234950001E9,TP-LINK_5GHz_7002B4,e8:de:27:70:02:b4,5745,-46
1.4981404234950001E9,AP_3,e8:de:27:6f:f5:d1,2432,-43
1.4981404234950001E9,AP_1,e8:de:27:6f:e4:d9,2432,-27
1.4981404234950001E9,AP_2,e8:de:27:70:02:b5,2432,-47
1.4981404234950001E9,eduroam,00:2a:10:3d:b0:1f,5220,-67
1.4981404234950001E9,OWL,00:2a:10:3d:b0:1e,5220,-67
1.4981404234950001E9,OWL,08:ea:44:96:ec:d5,2437,-76
1.4981404234950001E9,eduroam,40:18:b1:78:86:55,2462,-82
1.4981404234950001E9,eduroam,08:ea:44:96:ec:d6,2437,-76
1.4981404234950001E9,eduroam,40:18:b1:78:89:d5,2437,-83
1.4981404234950001E9,Anthony's iMac,10:9a:dd:a0:fb:1e,2462,-86
1.4981404234950001E9,OWL,00:81:c4:85:07:a1,2462,-64
1.4981404234950001E9,eduroam,18:8b:45:09:70:e0,2412,-77
1.4981404234950001E9,OWL,18:8b:45:09:70:e1,2412,-76
1.4981404234950001E9,eduroam,00:2a:10:3d:b0:10,2437,-66
1.4981404234950001E9,eduroam,08:ea:44:96:ec:eb,5220,-81
1.4981404234950001E9,OWL,08:ea:44:96:ec:ea,5220,-81
1.4981404234950001E9,eduroam,40:18:b1:7b:3e:95,2412,-91
1.4981404234950001E9,OWL,40:18:b1:7b:3e:94,2412,-88
1.4981404234950001E9,eduroam,08:ea:44:96:ec:96,2462,-88
1.4981404234950001E9,OWL,08:ea:44:96:ec:95,2462,-88
1.4981404234950001E9,OWL,18:8b:45:09:70:0e,5280,-84
1.4981404234950001E9,eduroam,18:8b:45:09:70:ef,5280,-85
1.4981404234950001E9,eduroam,18:8b:45:09:70:0f,5280,-84
1.4981404234950001E9,OWL,18:8b:45:09:70:ee,5280,-83
1.4981404234950001E9,eduroam,40:18:b1:7b:42:15,2462,-89
1.4981404234950001E9,OWL,40:18:b1:7b:42:14,2462,-89
1.4981404234950001E9,OWL,00:2a:10:3d:b0:11,2437,-63
1.4981404234950001E9,,08:ea:44:96:ec:e4,5220,-82
1.4981404234950001E9,OERC-CONFERENCE-DISPLAY-ONLY,f8:d1:11:88:3f:2e,2427,-91
1.4981404234950001E9,OWL,40:18:b1:78:89:d4,2437,-83
1.498140425313E9,eduroam,00:81:c4:85:07:a0,2462,-62
1.498140425313E9,TP-LINK_5GHz_6FF5D0,e8:de:27:6f:f5:d0,5745,-50
1.498140425313E9,TP-LINK_5GHz_6FE4D8,e8:de:27:6f:e4:d8,5745,-31
1.498140425313E9,TP-LINK_5GHz_7002B4,e8:de:27:70:02:b4,5745,-46
1.498140425313E9,AP_3,e8:de:27:6f:f5:d1,2432,-47
1.498140425313E9,AP_1,e8:de:27:6f:e4:d9,2432,-28
1.498140425313E9,AP_2,e8:de:27:70:02:b5,2432,-47
1.498140425313E9,eduroam,00:2a:10:3d:b0:1f,5220,-69
1.498140425313E9,OWL,00:2a:10:3d:b0:1e,5220,-69
1.498140425313E9,OWL,08:ea:44:96:ec:d5,2437,-74
1.498140425313E9,eduroam,40:18:b1:78:86:55,2462,-82
1.498140425313E9,eduroam,08:ea:44:96:ec:d6,2437,-73
1.498140425313E9,Anthony's iMac,10:9a:dd:a0:fb:1e,2462,-89
1.498140425313E9,OWL,00:81:c4:85:07:a1,2462,-62
1.498140425313E9,eduroam,18:8b:45:09:70:e0,2412,-77
1.498140425313E9,OWL,18:8b:45:09:70:e1,2412,-76
1.498140425313E9,eduroam,00:2a:10:3d:b0:10,2437,-66
1.498140425313E9,eduroam,08:ea:44:96:ec:eb,5220,-82
1.498140425313E9,OWL,08:ea:44:96:ec:ea,5220,-82
1.498140425313E9,eduroam,40:18:b1:7b:3e:95,2412,-91
1.498140425313E9,OWL,40:18:b1:7b:3e:94,2412,-88
1.498140425313E9,eduroam,08:ea:44:96:ec:96,2462,-88
1.498140425313E9,OWL,18:8b:45:09:70:0e,5280,-84
1.498140425313E9,eduroam,18:8b:45:09:70:ef,5280,-85
1.498140425313E9,eduroam,18:8b:45:09:70:0f,5280,-84
1.498140425313E9,OWL,18:8b:45:09:70:ee,5280,-83
1.498140425313E9,eduroam,40:18:b1:7b:42:15,2462,-89
1.498140425313E9,OWL,40:18:b1:7b:42:14,2462,-89
1.498140425313E9,OWL,00:2a:10:3d:b0:11,2437,-63
1.498140425313E9,,08:ea:44:96:ec:e4,5220,-82
1.4981404253140001E9,OERC-CONFERENCE-DISPLAY-ONLY,f8:d1:11:88:3f:2e,2427,-91
1.4981404253140001E9,OWL,40:18:b1:78:89:d4,2437,-83
1.498140427319E9,eduroam,00:81:c4:85:07:a0,2462,-62
1.49814042732E9,TP-LINK_5GHz_6FF5D0,e8:de:27:6f:f5:d0,5745,-50
1.49814042732E9,TP-LINK_5GHz_6FE4D8,e8:de:27:6f:e4:d8,5745,-31
1.49814042732E9,TP-LINK_5GHz_7002B4,e8:de:27:70:02:b4,5745,-46
1.49814042732E9,AP_3,e8:de:27:6f:f5:d1,2432,-46
1.49814042732E9,AP_1,e8:de:27:6f:e4:d9,2432,-28
1.49814042732E9,AP_2,e8:de:27:70:02:b5,2432,-54
1.49814042732E9,eduroam,00:2a:10:3d:b0:1f,5220,-67
1.49814042732E9,OWL,00:2a:10:3d:b0:1e,5220,-67
1.49814042732E9,OWL,08:ea:44:96:ec:d5,2437,-74
1.49814042732E9,eduroam,40:18:b1:78:86:55,2462,-83
1.49814042732E9,eduroam,08:ea:44:96:ec:d6,2437,-75
1.49814042732E9,Anthony's iMac,10:9a:dd:a0:fb:1e,2462,-88
1.49814042732E9,OWL,00:81:c4:85:07:a1,2462,-60
1.49814042732E9,eduroam,08:ea:44:96:ec:eb,5220,-82
1.49814042732E9,OWL,08:ea:44:96:ec:ea,5220,-82
1.49814042732E9,eduroam,40:18:b1:7b:3e:95,2412,-88
1.49814042732E9,OWL,40:18:b1:7b:3e:94,2412,-88
1.49814042732E9,eduroam,08:ea:44:96:ec:96,2462,-87
1.49814042732E9,OWL,18:8b:45:09:70:0e,5280,-84
1.49814042732E9,eduroam,18:8b:45:09:70:ef,5280,-85
1.49814042732E9,eduroam,18:8b:45:09:70:0f,5280,-84
1.49814042732E9,OWL,18:8b:45:09:70:ee,5280,-83
1.49814042732E9,eduroam,40:18:b1:7b:42:15,2462,-89
1.49814042732E9,OWL,00:2a:10:3d:b0:11,2437,-63
1.49814042732E9,,08:ea:44:96:ec:e4,5220,-82
1.49814042732E9,OERC-CONFERENCE-DISPLAY-ONLY,f8:d1:11:88:3f:2e,2427,-91
1.49814042732E9,OWL,40:18:b1:78:89:d4,2437,-83
1.49814042732E9,eduroam,40:18:b1:78:89:d5,2437,-83
1.49814042732E9,eduroam,40:18:b1:78:a9:55,2412,-88
1.498140429231E9,eduroam,00:81:c4:85:07:a0,2462,-62
1.498140429231E9,TP-LINK_5GHz_6FF5D0,e8:de:27:6f:f5:d0,5745,-49
1.498140429231E9,TP-LINK_5GHz_6FE4D8,e8:de:27:6f:e4:d8,5745,-30
1.498140429231E9,TP-LINK_5GHz_7002B4,e8:de:27:70:02:b4,5745,-46
1.498140429231E9,AP_3,e8:de:27:6f:f5:d1,2432,-45
1.498140429231E9,AP_1,e8:de:27:6f:e4:d9,2432,-28
1.498140429231E9,AP_2,e8:de:27:70:02:b5,2432,-48
1.498140429231E9,eduroam,00:2a:10:3d:b0:1f,5220,-71
1.498140429231E9,OWL,00:2a:10:3d:b0:1e,5220,-71
1.498140429231E9,OWL,08:ea:44:96:ec:d5,2437,-74
1.498140429231E9,eduroam,40:18:b1:78:86:55,2462,-84
1.498140429231E9,eduroam,08:ea:44:96:ec:d6,2437,-75
1.498140429231E9,Anthony's iMac,10:9a:dd:a0:fb:1e,2462,-88
1.498140429231E9,OWL,00:81:c4:85:07:a1,2462,-60
1.498140429231E9,eduroam,08:ea:44:96:ec:eb,5220,-82
1.498140429231E9,OWL,08:ea:44:96:ec:ea,5220,-82
1.498140429231E9,eduroam,40:18:b1:7b:3e:95,2412,-88
1.498140429231E9,OWL,40:18:b1:7b:3e:94,2412,-88
1.498140429231E9,eduroam,08:ea:44:96:ec:96,2462,-87
1.498140429231E9,OWL,18:8b:45:09:70:0e,5280,-84
1.498140429231E9,eduroam,18:8b:45:09:70:ef,5280,-85
1.498140429231E9,eduroam,18:8b:45:09:70:0f,5280,-84
1.498140429231E9,OWL,18:8b:45:09:70:ee,5280,-84
1.498140429231E9,OWL,00:2a:10:3d:b0:11,2437,-63
1.498140429231E9,,08:ea:44:96:ec:e4,5220,-82
1.498140429231E9,OERC-CONFERENCE-DISPLAY-ONLY,f8:d1:11:88:3f:2e,2427,-91
1.498140429231E9,OWL,40:18:b1:78:89:d4,2437,-83
1.498140429231E9,eduroam,40:18:b1:78:89:d5,2437,-83
1.498140429231E9,eduroam,40:18:b1:78:a9:55,2412,-81
1.498140429231E9,eduroam,18:8b:45:09:70:e0,2412,-80
1.498140429231E9,OWL,08:ea:44:96:ec:95,2462,-86
1.498140431318E9,eduroam,00:81:c4:85:07:a0,2462,-62
1.498140431318E9,TP-LINK_5GHz_6FF5D0,e8:de:27:6f:f5:d0,5745,-49
1.498140431318E9,TP-LINK_5GHz_6FE4D8,e8:de:27:6f:e4:d8,5745,-30
1.498140431318E9,TP-LINK_5GHz_7002B4,e8:de:27:70:02:b4,5745,-46
1.498140431318E9,AP_3,e8:de:27:6f:f5:d1,2432,-44
1.498140431318E9,AP_1,e8:de:27:6f:e4:d9,2432,-29
1.498140431318E9,AP_2,e8:de:27:70:02:b5,2432,-48
1.498140431318E9,eduroam,00:2a:10:3d:b0:1f,5220,-69
1.498140431318E9,OWL,00:2a:10:3d:b0:1e,5220,-69
1.498140431318E9,OWL,08:ea:44:96:ec:d5,2437,-73
1.498140431318E9,eduroam,40:18:b1:78:86:55,2462,-84
1.498140431318E9,eduroam,08:ea:44:96:ec:d6,2437,-73
1.498140431318E9,Anthony's iMac,10:9a:dd:a0:fb:1e,2462,-89
1.498140431318E9,OWL,00:81:c4:85:07:a1,2462,-60
1.498140431318E9,eduroam,08:ea:44:96:ec:eb,5220,-82
1.498140431318E9,OWL,08:ea:44:96:ec:ea,5220,-82
1.498140431318E9,eduroam,40:18:b1:7b:3e:95,2412,-88
1.498140431318E9,OWL,40:18:b1:7b:3e:94,2412,-90
1.498140431318E9,eduroam,08:ea:44:96:ec:96,2462,-87
1.498140431318E9,OWL,18:8b:45:09:70:0e,5280,-84
1.498140431318E9,eduroam,18:8b:45:09:70:ef,5280,-86
1.498140431318E9,eduroam,18:8b:45:09:70:0f,5280,-84
1.498140431318E9,OWL,18:8b:45:09:70:ee,5280,-84
1.498140431318E9,OWL,00:2a:10:3d:b0:11,2437,-63
1.498140431318E9,,08:ea:44:96:ec:e4,5220,-82
1.498140431318E9,OERC-CONFERENCE-DISPLAY-ONLY,f8:d1:11:88:3f:2e,2427,-91
1.498140431318E9,OWL,40:18:b1:78:89:d4,2437,-83
1.498140431318E9,eduroam,40:18:b1:78:89:d5,2437,-82
1.498140431318E9,eduroam,40:18:b1:78:a9:55,2412,-81
1.498140431318E9,eduroam,18:8b:45:09:70:e0,2412,-80
1.498140431318E9,OWL,08:ea:44:96:ec:95,2462,-86
1.498140431318E9,OWL,18:8b:45:09:70:e1,2412,-79
1.498140433386E9,eduroam,00:81:c4:85:07:a0,2462,-62
1.498140433387E9,TP-LINK_5GHz_6FF5D0,e8:de:27:6f:f5:d0,5745,-53
1.498140433387E9,TP-LINK_5GHz_6FE4D8,e8:de:27:6f:e4:d8,5745,-30
1.498140433387E9,TP-LINK_5GHz_7002B4,e8:de:27:70:02:b4,5745,-46
1.498140433387E9,AP_3,e8:de:27:6f:f5:d1,2432,-45
1.498140433387E9,AP_1,e8:de:27:6f:e4:d9,2432,-29
1.498140433387E9,AP_2,e8:de:27:70:02:b5,2432,-48
1.498140433387E9,eduroam,00:2a:10:3d:b0:1f,5220,-68
1.498140433387E9,OWL,00:2a:10:3d:b0:1e,5220,-69
1.498140433387E9,OWL,08:ea:44:96:ec:d5,2437,-73
1.498140433387E9,eduroam,40:18:b1:78:86:55,2462,-81
1.498140433387E9,eduroam,08:ea:44:96:ec:d6,2437,-73
1.498140433387E9,Anthony's iMac,10:9a:dd:a0:fb:1e,2462,-89
1.498140433387E9,OWL,00:81:c4:85:07:a1,2462,-65
1.498140433387E9,eduroam,08:ea:44:96:ec:eb,5220,-81
1.498140433387E9,OWL,08:ea:44:96:ec:ea,5220,-80
1.498140433387E9,eduroam,40:18:b1:7b:3e:95,2412,-88
1.498140433387E9,OWL,40:18:b1:7b:3e:94,2412,-90
1.498140433387E9,eduroam,08:ea:44:96:ec:96,2462,-87
1.498140433387E9,OWL,18:8b:45:09:70:0e,5280,-84
1.498140433387E9,eduroam,18:8b:45:09:70:ef,5280,-86
1.498140433387E9,eduroam,18:8b:45:09:70:0f,5280,-84
1.498140433387E9,OWL,18:8b:45:09:70:ee,5280,-84
1.498140433387E9,OWL,00:2a:10:3d:b0:11,2437,-64
1.498140433387E9,,08:ea:44:96:ec:e4,5220,-82
1.498140433387E9,OERC-CONFERENCE-DISPLAY-ONLY,f8:d1:11:88:3f:2e,2427,-91
1.498140433387E9,OWL,40:18:b1:78:89:d4,2437,-83
1.498140433387E9,eduroam,40:18:b1:78:89:d5,2437,-82
1.498140433387E9,eduroam,40:18:b1:78:a9:55,2412,-84
1.498140433387E9,eduroam,18:8b:45:09:70:e0,2412,-80
1.498140433387E9,OWL,08:ea:44:96:ec:95,2462,-86
1.498140433387E9,OWL,18:8b:45:09:70:e1,2412,-79
1.498140433387E9,eduroam,00:2a:10:3d:b0:10,2437,-64
1.498140433387E9,eduroam,00:2a:10:35:39:30,2437,-85
1.498140433387E9,OWL,00:2a:10:35:39:31,2437,-84
1.498140435336E9,eduroam,00:81:c4:85:07:a0,2462,-62
1.498140435336E9,TP-LINK_5GHz_6FF5D0,e8:de:27:6f:f5:d0,5745,-53
1.498140435336E9,TP-LINK_5GHz_6FE4D8,e8:de:27:6f:e4:d8,5745,-30
1.498140435336E9,TP-LINK_5GHz_7002B4,e8:de:27:70:02:b4,5745,-46
1.498140435336E9,AP_3,e8:de:27:6f:f5:d1,2432,-45
1.498140435336E9,AP_1,e8:de:27:6f:e4:d9,2432,-28
1.498140435336E9,AP_2,e8:de:27:70:02:b5,2432,-48
1.498140435336E9,eduroam,00:2a:10:3d:b0:1f,5220,-68
1.498140435336E9,OWL,00:2a:10:3d:b0:1e,5220,-68
1.498140435336E9,OWL,08:ea:44:96:ec:d5,2437,-73
1.498140435336E9,eduroam,40:18:b1:78:86:55,2462,-81
1.498140435336E9,eduroam,08:ea:44:96:ec:d6,2437,-73
1.498140435336E9,Anthony's iMac,10:9a:dd:a0:fb:1e,2462,-89
1.498140435336E9,OWL,00:81:c4:85:07:a1,2462,-64
1.498140435336E9,eduroam,08:ea:44:96:ec:eb,5220,-81
1.498140435336E9,OWL,08:ea:44:96:ec:ea,5220,-80
1.498140435336E9,eduroam,40:18:b1:7b:3e:95,2412,-88
1.498140435336E9,OWL,40:18:b1:7b:3e:94,2412,-90
1.498140435336E9,eduroam,08:ea:44:96:ec:96,2462,-87
1.498140435336E9,OWL,18:8b:45:09:70:0e,5280,-84
1.498140435336E9,eduroam,18:8b:45:09:70:ef,5280,-86
1.498140435336E9,eduroam,18:8b:45:09:70:0f,5280,-84
1.498140435336E9,OWL,18:8b:45:09:70:ee,5280,-84
1.4981404353370001E9,OWL,00:2a:10:3d:b0:11,2437,-64
1.4981404353370001E9,,08:ea:44:96:ec:e4,5220,-82
1.4981404353370001E9,OWL,40:18:b1:78:89:d4,2437,-82
1.4981404353370001E9,eduroam,40:18:b1:78:89:d5,2437,-82
1.4981404353370001E9,eduroam,40:18:b1:78:a9:55,2412,-86
1.4981404353370001E9,eduroam,18:8b:45:09:70:e0,2412,-80
1.4981404353370001E9,OWL,08:ea:44:96:ec:95,2462,-86
1.4981404353370001E9,OWL,18:8b:45:09:70:e1,2412,-79
1.4981404353370001E9,eduroam,00:2a:10:3d:b0:10,2437,-64
1.4981404353370001E9,eduroam,00:2a:10:35:39:30,2437,-85
1.4981404353370001E9,OWL,00:2a:10:35:39:31,2437,-84
1.4981404353370001E9,eduroam,40:18:b1:7b:42:15,2462,-90
1.4981404353370001E9,OWL,40:18:b1:7b:42:14,2462,-90
1.49814043728E9,eduroam,00:81:c4:85:07:a0,2462,-62
1.49814043728E9,TP-LINK_5GHz_6FF5D0,e8:de:27:6f:f5:d0,5745,-51
1.49814043728E9,TP-LINK_5GHz_6FE4D8,e8:de:27:6f:e4:d8,5745,-30
1.49814043728E9,TP-LINK_5GHz_7002B4,e8:de:27:70:02:b4,5745,-46
1.49814043728E9,AP_3,e8:de:27:6f:f5:d1,2432,-45
1.49814043728E9,AP_1,e8:de:27:6f:e4:d9,2432,-27
1.49814043728E9,AP_2,e8:de:27:70:02:b5,2432,-48
1.49814043728E9,eduroam,00:2a:10:3d:b0:1f,5220,-68
1.49814043728E9,OWL,00:2a:10:3d:b0:1e,5220,-68
1.49814043728E9,OWL,08:ea:44:96:ec:d5,2437,-73
1.49814043728E9,eduroam,40:18:b1:78:86:55,2462,-81
1.49814043728E9,eduroam,08:ea:44:96:ec:d6,2437,-74
1.49814043728E9,Anthony's iMac,10:9a:dd:a0:fb:1e,2462,-89
1.49814043728E9,OWL,00:81:c4:85:07:a1,2462,-63
1.49814043728E9,eduroam,08:ea:44:96:ec:eb,5220,-81
1.49814043728E9,OWL,08:ea:44:96:ec:ea,5220,-80
1.49814043728E9,eduroam,40:18:b1:7b:3e:95,2412,-88
1.49814043728E9,OWL,40:18:b1:7b:3e:94,2412,-90
1.49814043728E9,eduroam,08:ea:44:96:ec:96,2462,-87
1.49814043728E9,OWL,18:8b:45:09:70:0e,5280,-83
1.49814043728E9,eduroam,18:8b:45:09:70:ef,5280,-86
1.49814043728E9,eduroam,18:8b:45:09:70:0f,5280,-83
1.49814043728E9,OWL,18:8b:45:09:70:ee,5280,-85
1.49814043728E9,OWL,00:2a:10:3d:b0:11,2437,-64
1.49814043728E9,,08:ea:44:96:ec:e4,5220,-81
1.49814043728E9,OWL,40:18:b1:78:89:d4,2437,-83
1.49814043728E9,eduroam,40:18:b1:78:89:d5,2437,-82
1.49814043728E9,eduroam,40:18:b1:78:a9:55,2412,-86
1.49814043728E9,eduroam,18:8b:45:09:70:e0,2412,-80
1.49814043728E9,OWL,08:ea:44:96:ec:95,2462,-86
1.49814043728E9,OWL,18:8b:45:09:70:e1,2412,-79
1.49814043728E9,eduroam,00:2a:10:3d:b0:10,2437,-67
1.49814043728E9,eduroam,00:2a:10:35:39:30,2437,-85
1.49814043728E9,OWL,00:2a:10:35:39:31,2437,-84
1.49814043728E9,eduroam,40:18:b1:7b:42:15,2462,-90
1.49814043728E9,OWL,40:18:b1:7b:42:14,2462,-90
1.498140438866E9,eduroam,00:81:c4:85:07:a0,2462,-62
1.498140438866E9,TP-LINK_5GHz_6FF5D0,e8:de:27:6f:f5:d0,5745,-51
1.498140438866E9,TP-LINK_5GHz_6FE4D8,e8:de:27:6f:e4:d8,5745,-30
1.498140438866E9,TP-LINK_5GHz_7002B4,e8:de:27:70:02:b4,5745,-46
1.498140438866E9,AP_3,e8:de:27:6f:f5:d1,2432,-45
1.498140438866E9,AP_1,e8:de:27:6f:e4:d9,2432,-27
1.498140438866E9,AP_2,e8:de:27:70:02:b5,2432,-48
1.498140438866E9,eduroam,00:2a:10:3d:b0:1f,5220,-68
1.498140438866E9,OWL,00:2a:10:3d:b0:1e,5220,-69
1.498140438866E9,OWL,08:ea:44:96:ec:d5,2437,-73
1.498140438866E9,eduroam,40:18:b1:78:86:55,2462,-81
1.498140438866E9,eduroam,08:ea:44:96:ec:d6,2437,-74
1.498140438866E9,Anthony's iMac,10:9a:dd:a0:fb:1e,2462,-83
1.498140438866E9,OWL,00:81:c4:85:07:a1,2462,-62
1.498140438866E9,eduroam,08:ea:44:96:ec:eb,5220,-80
1.498140438866E9,OWL,08:ea:44:96:ec:ea,5220,-80
1.498140438866E9,eduroam,40:18:b1:7b:3e:95,2412,-88
1.498140438866E9,OWL,40:18:b1:7b:3e:94,2412,-90
1.498140438866E9,eduroam,08:ea:44:96:ec:96,2462,-87
1.498140438866E9,OWL,18:8b:45:09:70:0e,5280,-83
1.498140438866E9,eduroam,18:8b:45:09:70:ef,5280,-86
1.498140438866E9,eduroam,18:8b:45:09:70:0f,5280,-83
1.498140438866E9,OWL,18:8b:45:09:70:ee,5280,-85
1.498140438866E9,OWL,00:2a:10:3d:b0:11,2437,-64
1.498140438866E9,,08:ea:44:96:ec:e4,5220,-81
1.498140438866E9,OWL,40:18:b1:78:89:d4,2437,-83
1.498140438866E9,eduroam,40:18:b1:78:89:d5,2437,-82
1.498140438866E9,eduroam,40:18:b1:78:a9:55,2412,-86
1.498140438866E9,eduroam,18:8b:45:09:70:e0,2412,-80
1.498140438866E9,OWL,08:ea:44:96:ec:95,2462,-87
1.498140438866E9,OWL,18:8b:45:09:70:e1,2412,-79
1.498140438866E9,eduroam,00:2a:10:3d:b0:10,2437,-67
1.498140438866E9,eduroam,00:2a:10:35:39:30,2437,-85
1.498140438866E9,OWL,00:2a:10:35:39:31,2437,-84
1.498140438866E9,eduroam,40:18:b1:7b:42:15,2462,-90
1.498140438866E9,OWL,40:18:b1:7b:42:14,2462,-90
1.498140440409E9,eduroam,00:81:c4:85:07:a0,2462,-62
1.498140440409E9,TP-LINK_5GHz_6FF5D0,e8:de:27:6f:f5:d0,5745,-51
1.498140440409E9,TP-LINK_5GHz_6FE4D8,e8:de:27:6f:e4:d8,5745,-30
1.498140440409E9,TP-LINK_5GHz_7002B4,e8:de:27:70:02:b4,5745,-46
1.498140440409E9,AP_3,e8:de:27:6f:f5:d1,2432,-45
1.498140440409E9,AP_1,e8:de:27:6f:e4:d9,2432,-27
1.498140440409E9,AP_2,e8:de:27:70:02:b5,2432,-47
1.498140440409E9,eduroam,00:2a:10:3d:b0:1f,5220,-68
1.498140440409E9,OWL,00:2a:10:3d:b0:1e,5220,-68
1.498140440409E9,OWL,08:ea:44:96:ec:d5,2437,-73
1.498140440409E9,eduroam,40:18:b1:78:86:55,2462,-81
1.498140440409E9,eduroam,08:ea:44:96:ec:d6,2437,-74
1.498140440409E9,Anthony's iMac,10:9a:dd:a0:fb:1e,2462,-83
1.498140440409E9,OWL,00:81:c4:85:07:a1,2462,-64
1.498140440409E9,eduroam,08:ea:44:96:ec:eb,5220,-80
1.498140440409E9,OWL,08:ea:44:96:ec:ea,5220,-80
1.498140440409E9,eduroam,40:18:b1:7b:3e:95,2412,-90
1.498140440409E9,OWL,40:18:b1:7b:3e:94,2412,-89
1.498140440409E9,eduroam,08:ea:44:96:ec:96,2462,-87
1.498140440409E9,OWL,18:8b:45:09:70:0e,5280,-83
1.498140440409E9,eduroam,18:8b:45:09:70:ef,5280,-86
1.498140440409E9,eduroam,18:8b:45:09:70:0f,5280,-83
1.498140440409E9,OWL,18:8b:45:09:70:ee,5280,-85
1.498140440409E9,OWL,00:2a:10:3d:b0:11,2437,-64
1.498140440409E9,,08:ea:44:96:ec:e4,5220,-81
1.498140440409E9,OWL,40:18:b1:78:89:d4,2437,-83
1.498140440409E9,eduroam,40:18:b1:78:89:d5,2437,-82
1.498140440409E9,eduroam,40:18:b1:78:a9:55,2412,-86
1.498140440409E9,OWL,08:ea:44:96:ec:95,2462,-87
1.498140440409E9,OWL,18:8b:45:09:70:e1,2412,-79
1.498140440409E9,eduroam,00:2a:10:3d:b0:10,2437,-67
1.498140440409E9,eduroam,00:2a:10:35:39:30,2437,-85
1.498140440409E9,OWL,00:2a:10:35:39:31,2437,-84
1.498140440409E9,eduroam,40:18:b1:7b:42:15,2462,-90
1.498140440409E9,OWL,40:18:b1:7b:42:14,2462,-90
1.498140442251E9,eduroam,00:81:c4:85:07:a0,2462,-62
1.498140442251E9,TP-LINK_5GHz_6FF5D0,e8:de:27:6f:f5:d0,5745,-51
1.498140442251E9,TP-LINK_5GHz_6FE4D8,e8:de:27:6f:e4:d8,5745,-30
1.498140442251E9,TP-LINK_5GHz_7002B4,e8:de:27:70:02:b4,5745,-46
1.498140442251E9,AP_3,e8:de:27:6f:f5:d1,2432,-45
1.498140442251E9,AP_1,e8:de:27:6f:e4:d9,2432,-27
1.498140442251E9,AP_2,e8:de:27:70:02:b5,2432,-48
1.498140442251E9,eduroam,00:2a:10:3d:b0:1f,5220,-68
1.498140442251E9,OWL,00:2a:10:3d:b0:1e,5220,-68
1.498140442251E9,OWL,08:ea:44:96:ec:d5,2437,-73
1.498140442251E9,eduroam,40:18:b1:78:86:55,2462,-81
1.498140442251E9,eduroam,08:ea:44:96:ec:d6,2437,-74
1.498140442251E9,Anthony's iMac,10:9a:dd:a0:fb:1e,2462,-85
1.498140442251E9,OWL,00:81:c4:85:07:a1,2462,-63
1.498140442251E9,eduroam,08:ea:44:96:ec:eb,5220,-80
1.498140442251E9,OWL,08:ea:44:96:ec:ea,5220,-80
1.498140442251E9,eduroam,40:18:b1:7b:3e:95,2412,-90
1.498140442251E9,OWL,40:18:b1:7b:3e:94,2412,-89
1.498140442252E9,eduroam,08:ea:44:96:ec:96,2462,-87
1.498140442252E9,OWL,18:8b:45:09:70:0e,5280,-83
1.498140442252E9,eduroam,18:8b:45:09:70:0f,5280,-83
1.498140442252E9,OWL,18:8b:45:09:70:ee,5280,-85
1.498140442252E9,OWL,00:2a:10:3d:b0:11,2437,-64
1.498140442252E9,,08:ea:44:96:ec:e4,5220,-80
1.498140442252E9,OWL,40:18:b1:78:89:d4,2437,-83
1.498140442252E9,eduroam,40:18:b1:78:89:d5,2437,-82
1.498140442252E9,eduroam,40:18:b1:78:a9:55,2412,-86
1.498140442252E9,OWL,08:ea:44:96:ec:95,2462,-87
1.498140442252E9,eduroam,00:2a:10:3d:b0:10,2437,-67
1.498140442252E9,eduroam,00:2a:10:35:39:30,2437,-85
1.498140442252E9,OWL,00:2a:10:35:39:31,2437,-84
1.498140442252E9,eduroam,40:18:b1:7b:42:15,2462,-89
1.498140442252E9,OWL,40:18:b1:7b:42:14,2462,-90
1.498140444228E9,eduroam,00:81:c4:85:07:a0,2462,-62
1.498140444228E9,TP-LINK_5GHz_6FF5D0,e8:de:27:6f:f5:d0,5745,-51
1.498140444228E9,TP-LINK_5GHz_6FE4D8,e8:de:27:6f:e4:d8,5745,-30
1.498140444228E9,TP-LINK_5GHz_7002B4,e8:de:27:70:02:b4,5745,-46
1.498140444228E9,AP_3,e8:de:27:6f:f5:d1,2432,-45
1.498140444228E9,AP_1,e8:de:27:6f:e4:d9,2432,-27
1.498140444228E9,AP_2,e8:de:27:70:02:b5,2432,-48
1.498140444228E9,eduroam,00:2a:10:3d:b0:1f,5220,-68
1.498140444228E9,OWL,00:2a:10:3d:b0:1e,5220,-68
1.498140444228E9,OWL,08:ea:44:96:ec:d5,2437,-73
1.498140444228E9,eduroam,40:18:b1:78:86:55,2462,-81
1.498140444228E9,eduroam,08:ea:44:96:ec:d6,2437,-74
1.498140444228E9,Anthony's iMac,10:9a:dd:a0:fb:1e,2462,-85
1.498140444228E9,OWL,00:81:c4:85:07:a1,2462,-61
1.498140444228E9,eduroam,08:ea:44:96:ec:eb,5220,-80
1.498140444228E9,OWL,08:ea:44:96:ec:ea,5220,-80
1.498140444228E9,eduroam,40:18:b1:7b:3e:95,2412,-90
1.498140444228E9,OWL,40:18:b1:7b:3e:94,2412,-90
1.498140444228E9,eduroam,08:ea:44:96:ec:96,2462,-87
1.498140444228E9,OWL,18:8b:45:09:70:0e,5280,-83
1.498140444228E9,eduroam,18:8b:45:09:70:0f,5280,-82
1.498140444228E9,OWL,18:8b:45:09:70:ee,5280,-85
1.498140444228E9,,08:ea:44:96:ec:e4,5220,-80
1.498140444228E9,OWL,40:18:b1:78:89:d4,2437,-83
1.498140444228E9,eduroam,40:18:b1:78:89:d5,2437,-82
1.498140444228E9,eduroam,40:18:b1:78:a9:55,2412,-88
1.498140444228E9,OWL,08:ea:44:96:ec:95,2462,-87
1.498140444228E9,eduroam,00:2a:10:3d:b0:10,2437,-67
1.498140444228E9,eduroam,40:18:b1:7b:42:15,2462,-90
1.498140444228E9,OWL,40:18:b1:7b:42:14,2462,-90
1.498140444228E9,eduroam,18:8b:45:09:70:e0,2412,-78
1.498140444228E9,OWL,18:8b:45:09:70:e1,2412,-78
1.498140446369E9,eduroam,00:81:c4:85:07:a0,2462,-63
1.498140446369E9,TP-LINK_5GHz_6FF5D0,e8:de:27:6f:f5:d0,5745,-51
1.498140446369E9,TP-LINK_5GHz_6FE4D8,e8:de:27:6f:e4:d8,5745,-30
1.498140446369E9,TP-LINK_5GHz_7002B4,e8:de:27:70:02:b4,5745,-45
1.498140446369E9,AP_3,e8:de:27:6f:f5:d1,2432,-44
1.498140446369E9,AP_1,e8:de:27:6f:e4:d9,2432,-27
1.498140446369E9,AP_2,e8:de:27:70:02:b5,2432,-48
1.498140446369E9,eduroam,00:2a:10:3d:b0:1f,5220,-68
1.498140446369E9,OWL,00:2a:10:3d:b0:1e,5220,-68
1.498140446369E9,OWL,08:ea:44:96:ec:d5,2437,-73
1.498140446369E9,eduroam,40:18:b1:78:86:55,2462,-81
1.498140446369E9,eduroam,08:ea:44:96:ec:d6,2437,-74
1.498140446369E9,Anthony's iMac,10:9a:dd:a0:fb:1e,2462,-85
1.498140446369E9,OWL,00:81:c4:85:07:a1,2462,-61
1.498140446369E9,eduroam,08:ea:44:96:ec:eb,5220,-80
1.498140446369E9,OWL,08:ea:44:96:ec:ea,5220,-80
1.498140446369E9,eduroam,40:18:b1:7b:3e:95,2412,-90
1.498140446369E9,OWL,40:18:b1:7b:3e:94,2412,-89
1.498140446369E9,eduroam,08:ea:44:96:ec:96,2462,-87
1.498140446369E9,OWL,18:8b:45:09:70:0e,5280,-83
1.498140446369E9,eduroam,18:8b:45:09:70:0f,5280,-82
1.498140446369E9,OWL,18:8b:45:09:70:ee,5280,-85
1.498140446369E9,,08:ea:44:96:ec:e4,5220,-80
1.498140446369E9,OWL,40:18:b1:78:89:d4,2437,-83
1.498140446369E9,eduroam,40:18:b1:78:89:d5,2437,-83
1.498140446369E9,eduroam,40:18:b1:78:a9:55,2412,-88
1.498140446369E9,OWL,08:ea:44:96:ec:95,2462,-87
1.498140446369E9,eduroam,00:2a:10:3d:b0:10,2437,-67
1.498140446369E9,eduroam,40:18:b1:7b:42:15,2462,-90
1.498140446369E9,OWL,40:18:b1:7b:42:14,2462,-90
1.498140446369E9,eduroam,18:8b:45:09:70:e0,2412,-78
1.498140446369E9,OWL,18:8b:45:09:70:e1,2412,-78
1.498140447891E9,eduroam,00:81:c4:85:07:a0,2462,-63
1.498140447891E9,TP-LINK_5GHz_6FF5D0,e8:de:27:6f:f5:d0,5745,-51
1.498140447891E9,TP-LINK_5GHz_6FE4D8,e8:de:27:6f:e4:d8,5745,-30
1.498140447891E9,TP-LINK_5GHz_7002B4,e8:de:27:70:02:b4,5745,-45
1.498140447891E9,AP_3,e8:de:27:6f:f5:d1,2432,-44
1.498140447891E9,AP_1,e8:de:27:6f:e4:d9,2432,-27
1.498140447891E9,AP_2,e8:de:27:70:02:b5,2432,-49
1.498140447891E9,eduroam,00:2a:10:3d:b0:1f,5220,-68
1.498140447891E9,OWL,00:2a:10:3d:b0:1e,5220,-68
1.498140447891E9,eduroam,40:18:b1:78:86:55,2462,-83
1.498140447891E9,eduroam,08:ea:44:96:ec:d6,2437,-74
1.498140447891E9,Anthony's iMac,10:9a:dd:a0:fb:1e,2462,-85
1.498140447891E9,OWL,00:81:c4:85:07:a1,2462,-62
1.498140447891E9,eduroam,08:ea:44:96:ec:eb,5220,-80
1.498140447891E9,OWL,08:ea:44:96:ec:ea,5220,-80
1.498140447891E9,eduroam,40:18:b1:7b:3e:95,2412,-90
1.498140447891E9,OWL,40:18:b1:7b:3e:94,2412,-89
1.498140447891E9,eduroam,08:ea:44:96:ec:96,2462,-87
1.498140447891E9,OWL,18:8b:45:09:70:0e,5280,-83
1.498140447891E9,eduroam,18:8b:45:09:70:0f,5280,-82
1.498140447891E9,OWL,18:8b:45:09:70:ee,5280,-85
1.498140447891E9,,08:ea:44:96:ec:e4,5220,-80
1.498140447891E9,eduroam,40:18:b1:78:89:d5,2437,-83
1.498140447891E9,eduroam,40:18:b1:78:a9:55,2412,-88
1.498140447891E9,OWL,08:ea:44:96:ec:95,2462,-87
1.498140447891E9,eduroam,40:18:b1:7b:42:15,2462,-90
1.498140447891E9,OWL,40:18:b1:7b:42:14,2462,-90
1.498140447891E9,eduroam,18:8b:45:09:70:e0,2412,-78
1.498140447891E9,OWL,18:8b:45:09:70:e1,2412,-78
1.4981404494190001E9,eduroam,00:81:c4:85:07:a0,2462,-63
1.4981404494190001E9,TP-LINK_5GHz_6FF5D0,e8:de:27:6f:f5:d0,5745,-51
1.4981404494190001E9,TP-LINK_5GHz_6FE4D8,e8:de:27:6f:e4:d8,5745,-30
1.4981404494190001E9,TP-LINK_5GHz_7002B4,e8:de:27:70:02:b4,5745,-46
1.4981404494190001E9,AP_3,e8:de:27:6f:f5:d1,2432,-44
1.4981404494190001E9,AP_1,e8:de:27:6f:e4:d9,2432,-27
1.4981404494190001E9,AP_2,e8:de:27:70:02:b5,2432,-48
1.4981404494190001E9,eduroam,00:2a:10:3d:b0:1f,5220,-68
1.4981404494190001E9,OWL,00:2a:10:3d:b0:1e,5220,-68
1.4981404494190001E9,eduroam,40:18:b1:78:86:55,2462,-82
1.4981404494190001E9,eduroam,08:ea:44:96:ec:d6,2437,-74
1.4981404494190001E9,Anthony's iMac,10:9a:dd:a0:fb:1e,2462,-85
1.4981404494190001E9,OWL,00:81:c4:85:07:a1,2462,-62
1.4981404494190001E9,eduroam,08:ea:44:96:ec:eb,5220,-80
1.4981404494190001E9,OWL,08:ea:44:96:ec:ea,5220,-80
1.4981404494190001E9,eduroam,40:18:b1:7b:3e:95,2412,-90
1.4981404494190001E9,OWL,40:18:b1:7b:3e:94,2412,-89
1.4981404494190001E9,eduroam,08:ea:44:96:ec:96,2462,-87
1.4981404494190001E9,OWL,18:8b:45:09:70:0e,5280,-83
1.4981404494190001E9,eduroam,18:8b:45:09:70:0f,5280,-82
1.4981404494190001E9,OWL,18:8b:45:09:70:ee,5280,-85
1.4981404494190001E9,,08:ea:44:96:ec:e4,5220,-80
1.4981404494190001E9,eduroam,40:18:b1:78:89:d5,2437,-83
1.4981404494190001E9,eduroam,40:18:b1:78:a9:55,2412,-87
1.4981404494190001E9,eduroam,40:18:b1:7b:42:15,2462,-90
1.4981404494190001E9,OWL,40:18:b1:7b:42:14,2462,-90
1.4981404494190001E9,eduroam,18:8b:45:09:70:e0,2412,-78
1.4981404494190001E9,OWL,18:8b:45:09:70:e1,2412,-78
1.498140450971E9,eduroam,00:81:c4:85:07:a0,2462,-63
1.498140450971E9,TP-LINK_5GHz_6FF5D0,e8:de:27:6f:f5:d0,5745,-51
1.498140450971E9,TP-LINK_5GHz_6FE4D8,e8:de:27:6f:e4:d8,5745,-30
1.498140450971E9,TP-LINK_5GHz_7002B4,e8:de:27:70:02:b4,5745,-45
1.498140450971E9,AP_3,e8:de:27:6f:f5:d1,2432,-44
1.498140450971E9,AP_1,e8:de:27:6f:e4:d9,2432,-27
1.498140450971E9,AP_2,e8:de:27:70:02:b5,2432,-46
1.498140450971E9,eduroam,00:2a:10:3d:b0:1f,5220,-68
1.498140450971E9,OWL,00:2a:10:3d:b0:1e,5220,-69
1.498140450971E9,eduroam,40:18:b1:78:86:55,2462,-82
1.498140450971E9,eduroam,08:ea:44:96:ec:d6,2437,-74
1.498140450971E9,Anthony's iMac,10:9a:dd:a0:fb:1e,2462,-86
1.498140450971E9,OWL,00:81:c4:85:07:a1,2462,-64
1.498140450971E9,eduroam,08:ea:44:96:ec:eb,5220,-79
1.498140450971E9,OWL,08:ea:44:96:ec:ea,5220,-79
1.498140450971E9,eduroam,40:18:b1:7b:3e:95,2412,-90
1.498140450971E9,OWL,40:18:b1:7b:3e:94,2412,-89
1.498140450971E9,eduroam,08:ea:44:96:ec:96,2462,-87
1.498140450971E9,OWL,18:8b:45:09:70:0e,5280,-83
1.498140450971E9,eduroam,18:8b:45:09:70:0f,5280,-82
1.498140450971E9,,08:ea:44:96:ec:e4,5220,-80
1.4981404509720001E9,eduroam,40:18:b1:78:89:d5,2437,-83
1.4981404509720001E9,eduroam,40:18:b1:78:a9:55,2412,-87
1.4981404509720001E9,eduroam,40:18:b1:7b:42:15,2462,-90
1.4981404509720001E9,OWL,40:18:b1:7b:42:14,2462,-89
1.4981404509720001E9,eduroam,18:8b:45:09:70:e0,2412,-78
1.4981404509720001E9,OWL,18:8b:45:09:70:e1,2412,-78
1.498140452489E9,eduroam,00:81:c4:85:07:a0,2462,-63
1.498140452489E9,TP-LINK_5GHz_6FF5D0,e8:de:27:6f:f5:d0,5745,-51
1.498140452489E9,TP-LINK_5GHz_6FE4D8,e8:de:27:6f:e4:d8,5745,-32
1.498140452489E9,TP-LINK_5GHz_7002B4,e8:de:27:70:02:b4,5745,-45
1.498140452489E9,AP_3,e8:de:27:6f:f5:d1,2432,-41
1.498140452489E9,AP_1,e8:de:27:6f:e4:d9,2432,-34
1.498140452489E9,AP_2,e8:de:27:70:02:b5,2432,-38
1.498140452489E9,eduroam,00:2a:10:3d:b0:1f,5220,-70
1.498140452489E9,OWL,00:2a:10:3d:b0:1e,5220,-69
1.498140452489E9,eduroam,40:18:b1:78:86:55,2462,-84
1.498140452489E9,eduroam,08:ea:44:96:ec:d6,2437,-74
1.498140452489E9,Anthony's iMac,10:9a:dd:a0:fb:1e,2462,-86
1.498140452489E9,OWL,00:81:c4:85:07:a1,2462,-60
1.498140452489E9,eduroam,08:ea:44:96:ec:eb,5220,-85
1.498140452489E9,OWL,08:ea:44:96:ec:ea,5220,-85
1.498140452489E9,eduroam,40:18:b1:7b:3e:95,2412,-90
1.498140452489E9,OWL,40:18:b1:7b:3e:94,2412,-89
1.498140452489E9,eduroam,08:ea:44:96:ec:96,2462,-88
1.498140452489E9,OWL,18:8b:45:09:70:0e,5280,-83
1.498140452489E9,eduroam,18:8b:45:09:70:0f,5280,-82
1.498140452489E9,,08:ea:44:96:ec:e4,5220,-85
1.498140452489E9,eduroam,40:18:b1:78:89:d5,2437,-83
1.498140452489E9,eduroam,40:18:b1:78:a9:55,2412,-87
1.498140452489E9,eduroam,40:18:b1:7b:42:15,2462,-90
1.498140452489E9,OWL,40:18:b1:7b:42:14,2462,-89
1.498140452489E9,eduroam,18:8b:45:09:70:e0,2412,-78
1.498140452489E9,OWL,18:8b:45:09:70:e1,2412,-78
1.498140452489E9,OWL,08:ea:44:96:ec:95,2462,-88
1.498140454308E9,eduroam,00:81:c4:85:07:a0,2462,-63
1.498140454308E9,TP-LINK_5GHz_6FF5D0,e8:de:27:6f:f5:d0,5745,-49
1.498140454308E9,TP-LINK_5GHz_6FE4D8,e8:de:27:6f:e4:d8,5745,-32
1.498140454308E9,TP-LINK_5GHz_7002B4,e8:de:27:70:02:b4,5745,-49
1.498140454308E9,AP_3,e8:de:27:6f:f5:d1,2432,-47
1.498140454308E9,AP_1,e8:de:27:6f:e4:d9,2432,-30
1.498140454308E9,AP_2,e8:de:27:70:02:b5,2432,-43
1.498140454308E9,eduroam,00:2a:10:3d:b0:1f,5220,-70
1.498140454308E9,OWL,00:2a:10:3d:b0:1e,5220,-68
1.498140454308E9,eduroam,40:18:b1:78:86:55,2462,-87
1.498140454308E9,eduroam,08:ea:44:96:ec:d6,2437,-72
1.498140454308E9,Anthony's iMac,10:9a:dd:a0:fb:1e,2462,-86
1.498140454308E9,OWL,00:81:c4:85:07:a1,2462,-57
1.498140454308E9,eduroam,08:ea:44:96:ec:eb,5220,-81
1.498140454308E9,OWL,08:ea:44:96:ec:ea,5220,-81
1.498140454308E9,eduroam,40:18:b1:7b:3e:95,2412,-90
1.498140454308E9,OWL,40:18:b1:7b:3e:94,2412,-91
1.498140454308E9,eduroam,08:ea:44:96:ec:96,2462,-88
1.498140454308E9,OWL,18:8b:45:09:70:0e,5280,-81
1.498140454308E9,eduroam,18:8b:45:09:70:0f,5280,-80
1.498140454308E9,,08:ea:44:96:ec:e4,5220,-81
1.498140454308E9,eduroam,40:18:b1:78:89:d5,2437,-83
1.498140454308E9,eduroam,40:18:b1:78:a9:55,2412,-87
1.498140454308E9,eduroam,40:18:b1:7b:42:15,2462,-90
1.498140454308E9,OWL,40:18:b1:7b:42:14,2462,-89
1.498140454308E9,eduroam,18:8b:45:09:70:e0,2412,-78
1.498140454308E9,OWL,18:8b:45:09:70:e1,2412,-78
1.498140454308E9,OWL,08:ea:44:96:ec:95,2462,-88
1.498140454308E9,eduroam,00:2a:10:1a:69:80,2462,-86
1.498140454308E9,OWL,08:ea:44:96:ec:d5,2437,-72
1.498140454308E9,OWL,40:18:b1:78:89:d4,2437,-83
1.498140454308E9,OWL,00:2a:10:1a:69:81,2462,-85
